month,time,taxa,abundance
Jan-97,1,Baetid,157.2
Jan-97,1,Caenis,52.4
Jan-97,1,Farrode,1414.8
Jan-97,1,Anacro,209.6
Jan-97,1,Heterag,366.8
Jan-97,1,Perisso,52.4
Jan-97,1,Epigomp,209.6
Jan-97,1,Ambrysu,52.4
Jan-97,1,Hexacyl,52.4
Jan-97,1,Neoelmi,104.8
Jan-97,1,Xenelmi,52.4
Jan-97,1,Ptiloda,52.4
Jan-97,1,Lutroch,104.8
Jan-97,1,Banyall,157.2
Jan-97,1,Macrone,7283.6
Jan-97,1,Triplec,157.2
Jan-97,1,Chimarr,1205.2
Jan-97,1,Hexatom,157.2
Jan-97,1,Simuli,52.4
Jan-97,1,Ceratop,471.6
Jan-97,1,Xestoch,104.8
Jan-97,1,Tanytar,2358
Jan-97,1,Chirono,1310
Jan-97,1,Ortochl,157.2
Jan-97,1,Tanypod,3091.6
Jan-97,1,Hemerodr,157.2
Jan-97,1,Dolichop,104.8
Jan-97,1,Acari,52.4
Jan-97,1,Oligoch,366.8
Jan-97,1,Nematom,104.8
Jan-97,1,Collemb,157.2
Feb-97,2,Caenis,52.4
Feb-97,2,Farrode,262
Feb-97,2,Macrothe,104.8
Feb-97,2,Argia,52.4
Feb-97,2,Perisso,52.4
Feb-97,2,Epigomp,262
Feb-97,2,Rhagove,52.4
Feb-97,2,Phylloi,104.8
Feb-97,2,Banyall,314.4
Feb-97,2,Macrone,733.6
Feb-97,2,Hexatom,838.4
Feb-97,2,Ceratop,1781.6
Feb-97,2,Xestoch,104.8
Feb-97,2,Tanytar,6288
Feb-97,2,Chirono,3039.2
Feb-97,2,Ortochl,52.4
Feb-97,2,Tanypod,1729.2
Feb-97,2,Hemerodr,52.4
Feb-97,2,Oligoch,524
Feb-97,2,Polycha,52.4
Mar-97,3,Farrode,52.4
Mar-97,3,Heterag,104.8
Mar-97,3,Hexacyl,52.4
Mar-97,3,Neoelmi,314.4
Mar-97,3,Ptiloda,157.2
Mar-97,3,Lutroch,157.2
Mar-97,3,Banyall,209.6
Mar-97,3,Chimarr,157.2
Mar-97,3,Autroti,52.4
Mar-97,3,Hexatom,1467.2
Mar-97,3,Ceratop,1624.4
Mar-97,3,Xestoch,471.6
Mar-97,3,Tanytar,2986.8
Mar-97,3,Chirono,2934.4
Mar-97,3,Tanypod,1572
Mar-97,3,Acari,52.4
Mar-97,3,Platyhe,52.4
Mar-97,3,Oligoch,733.6
Apr-97,4,America,52.4
Apr-97,4,Calliba,52.4
Apr-97,4,Caenis,209.6
Apr-97,4,Ulmerit,52.4
Apr-97,4,Farrode,366.8
Apr-97,4,Heterag,52.4
Apr-97,4,Libellu,52.4
Apr-97,4,Perisso,52.4
Apr-97,4,Epigomp,209.6
Apr-97,4,Hexacyl,314.4
Apr-97,4,Neoelmi,52.4
Apr-97,4,Ptiloda,52.4
Apr-97,4,Scirtid,52.4
Apr-97,4,Phylloi,52.4
Apr-97,4,Banyall,576.4
Apr-97,4,Macrone,209.6
Apr-97,4,Oecetis,52.4
Apr-97,4,Triplec,52.4
Apr-97,4,Tipulid,157.2
Apr-97,4,Hexatom,1100.4
Apr-97,4,Ceratop,2043.6
Apr-97,4,Xestoch,52.4
Apr-97,4,Tanytar,10113.2
Apr-97,4,Chirono,10899.2
Apr-97,4,Ortochl,314.4
Apr-97,4,Tanypod,5711.6
Apr-97,4,Neoplas,52.4
Apr-97,4,Dixella,52.4
Apr-97,4,Acari,104.8
Apr-97,4,Oligoch,52.4
Apr-97,4,Collemb,52.4
May-97,5,Caenis,262
May-97,5,Farrode,157.2
May-97,5,Anacro,52.4
May-97,5,Heterag,52.4
May-97,5,Libellu,52.4
May-97,5,Epigomp,209.6
May-97,5,Hexacyl,104.8
May-97,5,Neoelmi,52.4
May-97,5,Xenelmi,52.4
May-97,5,Banyall,209.6
May-97,5,Macrone,52.4
May-97,5,Chimarr,104.8
May-97,5,Autroti,52.4
May-97,5,Hexatom,1676.8
May-97,5,Ceratop,1834
May-97,5,Tanytar,2777.2
May-97,5,Chirono,1205.2
May-97,5,Ortochl,209.6
May-97,5,Tanypod,2462.8
May-97,5,Acari,157.2
May-97,5,Oligoch,52.4
May-97,5,Copepod,52.4
Jun-97,6,America,52.4
Jun-97,6,Caenis,157.2
Jun-97,6,Farrode,366.8
Jun-97,6,Anacro,52.4
Jun-97,6,Epigomp,157.2
Jun-97,6,Gyrete,52.4
Jun-97,6,Ptiloda,52.4
Jun-97,6,Lutroch,52.4
Jun-97,6,Phylloi,52.4
Jun-97,6,Banyall,52.4
Jun-97,6,Marilia,104.8
Jun-97,6,Macrone,52.4
Jun-97,6,Smicrid,157.2
Jun-97,6,Hexatom,209.6
Jun-97,6,Simuli,104.8
Jun-97,6,Ceratop,366.8
Jun-97,6,Xestoch,209.6
Jun-97,6,Tanytar,681.2
Jun-97,6,Chirono,1048
Jun-97,6,Ortochl,157.2
Jun-97,6,Tanypod,1781.6
Jun-97,6,Hemerodr,52.4
Jun-97,6,Oligoch,314.4
Jul-97,7,America,524
Jul-97,7,Caenis,157.2
Jul-97,7,Farrode,366.8
Jul-97,7,Anacro,52.4
Jul-97,7,Heterag,104.8
Jul-97,7,Libellu,209.6
Jul-97,7,Epigomp,157.2
Jul-97,7,Desmogo,52.4
Jul-97,7,Phyllog,52.4
Jul-97,7,Hexacyl,157.2
Jul-97,7,Neoelmi,157.2
Jul-97,7,Xenelmi,104.8
Jul-97,7,Neargyr,52.4
Jul-97,7,Phylloi,52.4
Jul-97,7,Banyall,52.4
Jul-97,7,Macrone,104.8
Jul-97,7,Tipulid,52.4
Jul-97,7,Hexatom,576.4
Jul-97,7,Ceratop,1572
Jul-97,7,Tanytar,2882
Jul-97,7,Chirono,5082.8
Jul-97,7,Ortochl,2777.2
Jul-97,7,Tanypod,6288
Jul-97,7,Acari,471.6
Jul-97,7,Oligoch,52.4
Jul-97,7,Nematom,52.4
Jul-97,7,Copepod,104.8
Aug-97,8,Caenis,52.4
Aug-97,8,Farrode,157.2
Aug-97,8,Libellu,52.4
Aug-97,8,Epigomp,314.4
Aug-97,8,Hexacyl,52.4
Aug-97,8,Neoelmi,52.4
Aug-97,8,Heterel,52.4
Aug-97,8,Ptiloda,209.6
Aug-97,8,Phylloi,52.4
Aug-97,8,Banyall,314.4
Aug-97,8,Macrone,104.8
Aug-97,8,Chimarr,52.4
Aug-97,8,Autroti,157.2
Aug-97,8,Tipulid,157.2
Aug-97,8,Hexatom,1938.8
Aug-97,8,Ceratop,4087.2
Aug-97,8,Xestoch,209.6
Aug-97,8,Tanytar,4192
Aug-97,8,Chirono,9274.8
Aug-97,8,Ortochl,1572
Aug-97,8,Tanypod,4611.2
Aug-97,8,Hemerodr,52.4
Aug-97,8,Oligoch,104.8
Set97,9,Baetid,52.4
Set97,9,America,52.4
Set97,9,Farrode,262
Set97,9,Anacro,52.4
Set97,9,Heterag,104.8
Set97,9,Libellu,104.8
Set97,9,Epigomp,419.2
Set97,9,Neoelmi,419.2
Set97,9,Banyall,576.4
Set97,9,Neotric,52.4
Set97,9,Chimarr,104.8
Set97,9,Autroti,157.2
Set97,9,Tipulid,52.4
Set97,9,Hexatom,1991.2
Set97,9,Simuli,52.4
Set97,9,Ceratop,5502
Set97,9,Xestoch,262
Set97,9,Tanytar,2934.4
Set97,9,Chirono,6235.6
Set97,9,Ortochl,104.8
Set97,9,Tanypod,5973.6
Set97,9,Oligoch,209.6
Set97,9,Nematom,104.8
Oct-97,10,Farrode,366.8
Oct-97,10,Heterag,52.4
Oct-97,10,Epigomp,52.4
Oct-97,10,Ptiloda,157.2
Oct-97,10,Lutroch,209.6
Oct-97,10,Coleopt,52.4
Oct-97,10,Phylloi,104.8
Oct-97,10,Banyall,104.8
Oct-97,10,Macroste,52.4
Oct-97,10,Triplec,52.4
Oct-97,10,Autroti,52.4
Oct-97,10,Hexatom,786
Oct-97,10,Ceratop,2148.4
Oct-97,10,Xestoch,209.6
Oct-97,10,Tanytar,1624.4
Oct-97,10,Chirono,2724.8
Oct-97,10,Ortochl,52.4
Oct-97,10,Tanypod,2462.8
Oct-97,10,Neoplas,52.4
Oct-97,10,Hemerodr,52.4
Oct-97,10,Clognia,52.4
Oct-97,10,Copepod,52.4
Nov-97,11,Farrode,52.4
Nov-97,11,Heterag,52.4
Nov-97,11,Libellu,52.4
Nov-97,11,Epigomp,52.4
Nov-97,11,Ptiloda,209.6
Nov-97,11,Scirtid,52.4
Nov-97,11,Banyall,157.2
Nov-97,11,Smicrid,209.6
Nov-97,11,Hexatom,681.2
Nov-97,11,Simuli,733.6
Nov-97,11,Ceratop,1991.2
Nov-97,11,Xestoch,104.8
Nov-97,11,Tanytar,2096
Nov-97,11,Chirono,3772.8
Nov-97,11,Ortochl,419.2
Nov-97,11,Tanypod,1519.6
Nov-97,11,Oligoch,52.4
Dec-97,12,Farrode,576.4
Dec-97,12,Anacro,52.4
Dec-97,12,Perisso,52.4
Dec-97,12,Epigomp,52.4
Dec-97,12,Ambrysu,52.4
Dec-97,12,Neoelmi,157.2
Dec-97,12,Macrone,52.4
Dec-97,12,Nectops,52.4
Dec-97,12,Triplec,157.2
Dec-97,12,Polycen,52.4
Dec-97,12,Hexatom,262
Dec-97,12,Ceratop,2148.4
Dec-97,12,Xestoch,52.4
Dec-97,12,Tanytar,1414.8
Dec-97,12,Chirono,1991.2
Dec-97,12,Ortochl,524
Dec-97,12,Tanypod,3144
Jan-98,13,Guajir,52.4
Jan-98,13,Ulmerit,52.4
Jan-98,13,Farrode,524
Jan-98,13,Anacro,52.4
Jan-98,13,Heterag,52.4
Jan-98,13,Perisso,52.4
Jan-98,13,Epigomp,366.8
Jan-98,13,Hexacyl,52.4
Jan-98,13,Heterel,52.4
Jan-98,13,Ptiloda,157.2
Jan-98,13,Scirtid,104.8
Jan-98,13,Coleopt,52.4
Jan-98,13,Phylloi,262
Jan-98,13,Banyall,524
Jan-98,13,Macrone,1729.2
Jan-98,13,Smicrid,52.4
Jan-98,13,Nectops,157.2
Jan-98,13,Oecetis,104.8
Jan-98,13,Triplec,419.2
Jan-98,13,Autroti,52.4
Jan-98,13,Tipulid,52.4
Jan-98,13,Hexatom,1467.2
Jan-98,13,Simuli,157.2
Jan-98,13,Ceratop,3877.6
Jan-98,13,Xestoch,262
Jan-98,13,Tanytar,6864.4
Jan-98,13,Chirono,3877.6
Jan-98,13,Ortochl,524
Jan-98,13,Tanypod,14829.2
Jan-98,13,Ephyd2,52.4
Jan-98,13,Oligoch,52.4
Jan-98,13,Copepod,209.6
Feb_98,14,Caenis,157.2
Feb_98,14,Farrode,209.6
Feb_98,14,Coenag,52.4
Feb_98,14,Epigomp,104.8
Feb_98,14,Ptiloda,157.2
Feb_98,14,Phylloi,104.8
Feb_98,14,Macrone,943.2
Feb_98,14,Triplec,157.2
Feb_98,14,Hexatom,314.4
Feb_98,14,Simuli,52.4
Feb_98,14,Ceratop,1100.4
Feb_98,14,Xestoch,157.2
Feb_98,14,Tanytar,19545.2
Feb_98,14,Chirono,5187.6
Feb_98,14,Ortochl,157.2
Feb_98,14,Tanypod,7074
Feb_98,14,Dixella,52.4
Feb_98,14,Platyhe,157.2
Feb_98,14,Oligoch,838.4
Feb_98,14,Polycha,471.6
Feb_98,14,Nematom,157.2
Feb_98,14,Copepod,1991.2
Feb_98,14,Collemb,52.4
Mar_98,15,Caenis,104.8
Mar_98,15,Farrode,104.8
Mar_98,15,Perisso,104.8
Mar_98,15,Epigomp,366.8
Mar_98,15,Hexacyl,262
Mar_98,15,Ptiloda,52.4
Mar_98,15,Macrone,314.4
Mar_98,15,Nectops,262
Mar_98,15,Oecetis,104.8
Mar_98,15,Triplec,52.4
Mar_98,15,Ceratop,1048
Mar_98,15,Xestoch,262
Mar_98,15,Tanytar,26986
Mar_98,15,Chirono,6026
Mar_98,15,Ortochl,157.2
Mar_98,15,Tanypod,9589.2
Mar_98,15,Oligoch,209.6
Mar_98,15,Polycha,314.4
Mar_98,15,Nematom,104.8
Mar_98,15,Copepod,157.2
Apr_98,16,Caenis,209.6
Apr_98,16,Farrode,52.4
Apr_98,16,Libellu,52.4
Apr_98,16,Coenag,52.4
Apr_98,16,Argia,104.8
Apr_98,16,Epigomp,104.8
Apr_98,16,Hexacyl,52.4
Apr_98,16,Pelonom,52.4
Apr_98,16,Macrone,262
Apr_98,16,Triplec,104.8
Apr_98,16,Anophel,52.4
Apr_98,16,Hexatom,104.8
Apr_98,16,Ceratop,1467.2
Apr_98,16,Xestoch,52.4
Apr_98,16,Tanytar,17030
Apr_98,16,Chirono,2829.6
Apr_98,16,Ortochl,262
Apr_98,16,Tanypod,8436.4
Apr_98,16,Acari,52.4
Apr_98,16,Platyhe,104.8
Apr_98,16,Oligoch,628.8
Apr_98,16,Polycha,157.2
Apr_98,16,Nematom,262
Apr_98,16,Copepod,1467.2
May_98,17,Leptohy,52.4
May_98,17,Argia,52.4
May_98,17,Perisso,52.4
May_98,17,Epigomp,104.8
May_98,17,Hexacyl,209.6
May_98,17,Macrone,52.4
May_98,17,Nectops,52.4
May_98,17,Oecetis,209.6
May_98,17,Hexatom,52.4
May_98,17,Ceratop,995.6
May_98,17,Xestoch,104.8
May_98,17,Tanytar,9379.6
May_98,17,Chirono,2043.6
May_98,17,Ortochl,52.4
May_98,17,Tanypod,4768.4
May_98,17,Clognia,314.4
May_98,17,Oligoch,157.2
May_98,17,Nematom,52.4
Jun_98,18,Caenis,104.8
Jun_98,18,Farrode,52.4
Jun_98,18,Epigomp,209.6
Jun_98,18,Ambrysu,52.4
Jun_98,18,Xenelmi,52.4
Jun_98,18,Phylloi,52.4
Jun_98,18,Marilia,52.4
Jun_98,18,Hexatom,52.4
Jun_98,18,Ceratop,733.6
Jun_98,18,Forcipo,52.4
Jun_98,18,Tanytar,2829.6
Jun_98,18,Chirono,1362.4
Jun_98,18,Ortochl,52.4
Jun_98,18,Tanypod,3982.4
Jun_98,18,Oligoch,52.4
Jul_98,19,America,52.4
Jul_98,19,Calliba,52.4
Jul_98,19,Farrode,52.4
Jul_98,19,Libellu,52.4
Jul_98,19,Elga,52.4
Jul_98,19,Argia,104.8
Jul_98,19,Epigomp,209.6
Jul_98,19,Hexacyl,52.4
Jul_98,19,Gyrete,52.4
Jul_98,19,Coleopt,52.4
Jul_98,19,Hexatom,52.4
Jul_98,19,Ceratop,314.4
Jul_98,19,Xestoch,52.4
Jul_98,19,Tanytar,5502
Jul_98,19,Chirono,8646
Jul_98,19,Ortochl,52.4
Jul_98,19,Tanypod,5764
Jul_98,19,Dolichop,52.4
Jul_98,19,Acari,104.8
Jul_98,19,Oligoch,209.6
Jul_98,19,Nematom,157.2
Jul_98,19,Copepod,157.2
Aug_98,20,Baetid,52.4
Aug_98,20,Calliba,52.4
Aug_98,20,Caenis,52.4
Aug_98,20,Farrode,52.4
Aug_98,20,Perithe,52.4
Aug_98,20,Epigomp,157.2
Aug_98,20,Nectops,104.8
Aug_98,20,Ceratop,733.6
Aug_98,20,Xestoch,52.4
Aug_98,20,Tanytar,20488.4
Aug_98,20,Chirono,5030.4
Aug_98,20,Tanypod,7178.8
Aug_98,20,Chrisop,104.8
Aug_98,20,Oligoch,262
Set_98,21,America,104.8
Set_98,21,Farrode,314.4
Set_98,21,Libellu,52.4
Set_98,21,Neocord,52.4
Set_98,21,Epigomp,628.8
Set_98,21,Palaemn,52.4
Set_98,21,Hexacyl,104.8
Set_98,21,Neoelmi,262
Set_98,21,Phylloi,52.4
Set_98,21,Marilia,52.4
Set_98,21,Macrone,157.2
Set_98,21,Nectops,104.8
Set_98,21,Oecetis,52.4
Set_98,21,Triplec,52.4
Set_98,21,Chimarr,52.4
Set_98,21,Hexatom,681.2
Set_98,21,Ceratop,2620
Set_98,21,Forcipo,52.4
Set_98,21,Xestoch,157.2
Set_98,21,Tanytar,5082.8
Set_98,21,Chirono,4296.8
Set_98,21,Ortochl,209.6
Set_98,21,Tanypod,5344.8
Set_98,21,Oligoch,157.2
Set_98,21,Nematom,104.8
Oct_98,22,Farrode,52.4
Oct_98,22,Pseudol,52.4
Oct_98,22,Epigomp,104.8
Oct_98,22,Phylloi,52.4
Oct_98,22,Hexatom,52.4
Oct_98,22,Ceratop,419.2
Oct_98,22,Tanytar,3039.2
Oct_98,22,Chirono,838.4
Oct_98,22,Ortochl,104.8
Oct_98,22,Tanypod,3091.6
Oct_98,22,Oligoch,52.4
Nov_98,23,Pseudol,52.4
Nov_98,23,Coenag,104.8
Nov_98,23,Epigomp,104.8
Nov_98,23,Phyllog,104.8
Nov_98,23,Banyall,52.4
Nov_98,23,Smicrid,52.4
Nov_98,23,Oecetis,209.6
Nov_98,23,Triplec,262
Nov_98,23,Ceratop,419.2
Nov_98,23,Xestoch,157.2
Nov_98,23,Tanytar,4034.8
Nov_98,23,Chirono,3615.6
Nov_98,23,Ortochl,104.8
Nov_98,23,Tanypod,5397.2
Nov_98,23,Chrisop,52.4
Nov_98,23,Oligoch,104.8
Nov_98,23,Polycha,52.4
Nov_98,23,Nematom,52.4
Nov_98,23,Copepod,52.4
Dec_98,24,Farrode,157.2
Dec_98,24,Anacro,104.8
Dec_98,24,Libellu,52.4
Dec_98,24,Elga,52.4
Dec_98,24,Coenag,52.4
Dec_98,24,Argia,157.2
Dec_98,24,Epigomp,209.6
Dec_98,24,Gyrete,52.4
Dec_98,24,Phylloi,681.2
Dec_98,24,Banyall,104.8
Dec_98,24,Macrone,209.6
Dec_98,24,Smicrid,104.8
Dec_98,24,Nectops,209.6
Dec_98,24,Oecetis,52.4
Dec_98,24,Triplec,104.8
Dec_98,24,Chimarr,52.4
Dec_98,24,Autroti,52.4
Dec_98,24,Hexatom,52.4
Dec_98,24,Simuli,104.8
Dec_98,24,Ceratop,995.6
Dec_98,24,Xestoch,524
Dec_98,24,Tanytar,3353.6
Dec_98,24,Chirono,3720.4
Dec_98,24,Ortochl,209.6
Dec_98,24,Tanypod,4663.6
Dec_98,24,Chrisop,52.4
Dec_98,24,Oligoch,52.4
Dec_98,24,Nematom,52.4
Jan_99,25,America,52.4
Jan_99,25,Farrode,262
Jan_99,25,Epigomp,104.8
Jan_99,25,Hexacyl,52.4
Jan_99,25,Lutroch,52.4
Jan_99,25,Phylloi,157.2
Jan_99,25,Leptne,733.6
Jan_99,25,Macrone,209.6
Jan_99,25,Smicrid,52.4
Jan_99,25,Triplec,209.6
Jan_99,25,Hexatom,52.4
Jan_99,25,Ceratop,786
Jan_99,25,Xestoch,104.8
Jan_99,25,Tanytar,1781.6
Jan_99,25,Chirono,838.4
Jan_99,25,Tanypod,1100.4
Jan_99,25,Clognia,52.4
Jan_99,25,Nematom,104.8
Feb_99,26,America,52.4
Feb_99,26,Farrode,1048
Feb_99,26,Hetaeri,52.4
Feb_99,26,Libellu,52.4
Feb_99,26,Epigomp,52.4
Feb_99,26,Phylloi,209.6
Feb_99,26,Banyall,104.8
Feb_99,26,Macrone,838.4
Feb_99,26,Smicrid,104.8
Feb_99,26,Triplec,52.4
Feb_99,26,Tipulid,52.4
Feb_99,26,Simuli,524
Feb_99,26,Ceratop,157.2
Feb_99,26,Xestoch,52.4
Feb_99,26,Tanytar,1257.6
Feb_99,26,Chirono,2253.2
Feb_99,26,Tanypod,2305.6
Feb_99,26,Platyhe,104.8
Feb_99,26,Polycha,52.4
Feb_99,26,Nematom,52.4
Feb_99,26,Copepod,52.4
Mar_99,27,America,104.8
Mar_99,27,Caenis,52.4
Mar_99,27,Farrode,2148.4
Mar_99,27,Anacro,52.4
Mar_99,27,Coenag,52.4
Mar_99,27,Argia,52.4
Mar_99,27,Coleopt,157.2
Mar_99,27,Neargyr,52.4
Mar_99,27,Phylloi,209.6
Mar_99,27,Marilia,52.4
Mar_99,27,Macrone,628.8
Mar_99,27,Nectops,52.4
Mar_99,27,Triplec,52.4
Mar_99,27,Hexatom,52.4
Mar_99,27,Ceratop,1310
Mar_99,27,Xestoch,314.4
Mar_99,27,Tanytar,7964.8
Mar_99,27,Chirono,4873.2
Mar_99,27,Ortochl,733.6
Mar_99,27,Tanypod,10480
Mar_99,27,Platyhe,157.2
Mar_99,27,Nematom,52.4
Mar_99,27,Copepod,52.4
Apr_99,28,Calliba,52.4
Apr_99,28,Caenis,104.8
Apr_99,28,Farrode,157.2
Apr_99,28,Libellu,52.4
Apr_99,28,Coenag,104.8
Apr_99,28,Argia,157.2
Apr_99,28,Perisso,52.4
Apr_99,28,Epigomp,262
Apr_99,28,Ambrysu,52.4
Apr_99,28,Hexacyl,52.4
Apr_99,28,Neoelmi,104.8
Apr_99,28,Lutroch,52.4
Apr_99,28,Phylloi,419.2
Apr_99,28,Macrone,209.6
Apr_99,28,Nectops,104.8
Apr_99,28,Oecetis,209.6
Apr_99,28,Cyrnell,52.4
Apr_99,28,Ceratop,1624.4
Apr_99,28,Tanytar,10218
Apr_99,28,Chirono,5135.2
Apr_99,28,Ortochl,786
Apr_99,28,Tanypod,8803.2
Apr_99,28,Chrisop,104.8
Apr_99,28,Clognia,52.4
Apr_99,28,Platyhe,52.4
Apr_99,28,Hyrudi,104.8
Apr_99,28,Polycha,52.4
Apr_99,28,Copepod,104.8
May_99,29,Caenis,52.4
May_99,29,Farrode,52.4
May_99,29,Anacro,52.4
May_99,29,Heterag,52.4
May_99,29,Elga,52.4
May_99,29,Coenag,52.4
May_99,29,Epigomp,209.6
May_99,29,Hexacyl,52.4
May_99,29,Phylloi,157.2
May_99,29,Macrone,52.4
May_99,29,Oecetis,104.8
May_99,29,Triplec,104.8
May_99,29,Tipulid,52.4
May_99,29,Hexatom,157.2
May_99,29,Ceratop,1048
May_99,29,Tanytar,3615.6
May_99,29,Chirono,1414.8
May_99,29,Ortochl,52.4
May_99,29,Tanypod,6864.4
May_99,29,Dixella,104.8
May_99,29,Platyhe,52.4
May_99,29,Hyrudi,104.8
May_99,29,Collemb,52.4
Jun_99,30,America,104.8
Jun_99,30,Caenis,52.4
Jun_99,30,Farrode,262
Jun_99,30,Heterag,52.4
Jun_99,30,Perisso,52.4
Jun_99,30,Epigomp,209.6
Jun_99,30,Hexacyl,52.4
Jun_99,30,Scirtid,52.4
Jun_99,30,Lutroch,104.8
Jun_99,30,Phylloi,262
Jun_99,30,Smicrid,52.4
Jun_99,30,Triplec,157.2
Jun_99,30,Tipulid,52.4
Jun_99,30,Ceratop,1048
Jun_99,30,Xestoch,104.8
Jun_99,30,Tanytar,3615.6
Jun_99,30,Chirono,2043.6
Jun_99,30,Ortochl,209.6
Jun_99,30,Tanypod,6392.8
Jun_99,30,Platyhe,52.4
Jun_99,30,Oligoch,157.2
Jun_99,30,Copepod,52.4
Jun_99,30,Collemb,52.4
Jul_99,31,Farrode,262
Jul_99,31,Perisso,52.4
Jul_99,31,Hexacyl,52.4
Jul_99,31,Phylloi,104.8
Jul_99,31,Triplec,104.8
Jul_99,31,Ceratop,419.2
Jul_99,31,Tanytar,995.6
Jul_99,31,Chirono,733.6
Jul_99,31,Tanypod,3196.4
Aug_99,32,America,314.4
Aug_99,32,Caenis,104.8
Aug_99,32,Farrode,681.2
Aug_99,32,Epigomp,52.4
Aug_99,32,Lutroch,52.4
Aug_99,32,Nectops,52.4
Aug_99,32,Tipulid,52.4
Aug_99,32,Hexatom,314.4
Aug_99,32,Ceratop,943.2
Aug_99,32,Forcipo,52.4
Aug_99,32,Xestoch,104.8
Aug_99,32,Tanytar,1781.6
Aug_99,32,Chirono,2672.4
Aug_99,32,Ortochl,681.2
Aug_99,32,Tanypod,3353.6
Aug_99,32,Platyhe,52.4
Aug_99,32,Oligoch,52.4
Aug_99,32,Copepod,52.4
Set_99,33,America,419.2
Set_99,33,Calliba,314.4
Set_99,33,Caenis,52.4
Set_99,33,Farrode,2882
Set_99,33,Tricory,52.4
Set_99,33,Anacro,314.4
Set_99,33,Elga,157.2
Set_99,33,Argia,104.8
Set_99,33,Perisso,157.2
Set_99,33,Epigomp,890.8
Set_99,33,Hexacyl,52.4
Set_99,33,Neoelmi,104.8
Set_99,33,Gyrete,52.4
Set_99,33,Scirtid,157.2
Set_99,33,Lutroch,104.8
Set_99,33,Coleopt,104.8
Set_99,33,Phylloi,786
Set_99,33,Banyall,104.8
Set_99,33,Marilia,52.4
Set_99,33,Macrone,209.6
Set_99,33,Smicrid,157.2
Set_99,33,Nectops,104.8
Set_99,33,Oecetis,52.4
Set_99,33,Chimarr,943.2
Set_99,33,Polycen,209.6
Set_99,33,Tipulid,52.4
Set_99,33,Hexatom,1257.6
Set_99,33,Simuli,157.2
Set_99,33,Ceratop,1886.4
Set_99,33,Xestoch,733.6
Set_99,33,Tanytar,7598
Set_99,33,Chirono,13466.8
Set_99,33,Ortochl,1100.4
Set_99,33,Tanypod,9851.2
Set_99,33,Hemerodr,157.2
Set_99,33,Dixella,104.8
Set_99,33,Ephyd2,52.4
Set_99,33,Dolichop,52.4
Set_99,33,Polycha,52.4
Set_99,33,Copepod,262
Set_99,33,Collemb,52.4
Oct_99,34,Caenis,52.4
Oct_99,34,Epigomp,262
Oct_99,34,Phylloi,52.4
Oct_99,34,Ceratop,419.2
Oct_99,34,Tanytar,2253.2
Oct_99,34,Chirono,1152.8
Oct_99,34,Tanypod,1781.6
Oct_99,34,Sphaeri,52.4
Oct_99,34,Oligoch,104.8
Nov_99,35,America,471.6
Nov_99,35,Farrode,1100.4
Nov_99,35,Anacro,157.2
Nov_99,35,Perisso,52.4
Nov_99,35,Epigomp,52.4
Nov_99,35,Hexacyl,104.8
Nov_99,35,Neoelmi,419.2
Nov_99,35,Gyrete,52.4
Nov_99,35,Coleopt,52.4
Nov_99,35,Phylloi,366.8
Nov_99,35,Limonia,52.4
Nov_99,35,Hexatom,52.4
Nov_99,35,Ceratop,1152.8
Nov_99,35,Xestoch,52.4
Nov_99,35,Tanytar,1886.4
Nov_99,35,Chirono,2148.4
Nov_99,35,Ortochl,1362.4
Nov_99,35,Tanypod,4925.6
Nov_99,35,Hemerodr,52.4
Nov_99,35,Chrisop,52.4
Nov_99,35,Platyhe,157.2
Dec_99,36,America,52.4
Dec_99,36,Caenis,157.2
Dec_99,36,Farrode,314.4
Dec_99,36,Argia,262
Dec_99,36,Epigomp,104.8
Dec_99,36,Hexacyl,52.4
Dec_99,36,Neargyr,419.2
Dec_99,36,Phylloi,576.4
Dec_99,36,Macrone,314.4
Dec_99,36,Hexatom,52.4
Dec_99,36,Ceratop,419.2
Dec_99,36,Xestoch,419.2
Dec_99,36,Tanytar,3196.4
Dec_99,36,Chirono,1781.6
Dec_99,36,Ortochl,366.8
Dec_99,36,Tanypod,5973.6
Dec_99,36,Chrisop,52.4
Dec_99,36,Acari,157.2
Dec_99,36,Oligoch,157.2
Dec_99,36,Copepod,104.8
Jan_00,37,Caenis,104.8
Jan_00,37,Farrode,52.4
Jan_00,37,Elga,52.4
Jan_00,37,Epigomp,104.8
Jan_00,37,Oecetis,52.4
Jan_00,37,Tipulid,209.6
Jan_00,37,Ceratop,838.4
Jan_00,37,Xestoch,52.4
Jan_00,37,Tanytar,6707.2
Jan_00,37,Chirono,1572
Jan_00,37,Tanypod,5449.6
Jan_00,37,Acari,52.4
Jan_00,37,Oligoch,52.4
Jan_00,37,Hyrudi,52.4
Feb_00,38,America,52.4
Feb_00,38,Farrode,628.8
Feb_00,38,Coenag,52.4
Feb_00,38,Epigomp,157.2
Feb_00,38,Neoelmi,52.4
Feb_00,38,Macrelm,52.4
Feb_00,38,Gyrete,52.4
Feb_00,38,Phylloi,209.6
Feb_00,38,Banyall,52.4
Feb_00,38,Macrone,1152.8
Feb_00,38,Tipulid,104.8
Feb_00,38,Ceratop,1257.6
Feb_00,38,Xestoch,314.4
Feb_00,38,Tanytar,4978
Feb_00,38,Chirono,1310
Feb_00,38,Ortochl,104.8
Feb_00,38,Tanypod,3510.8
Feb_00,38,Chrisop,104.8
Feb_00,38,Acari,104.8
Feb_00,38,Platyhe,104.8
Feb_00,38,Nematom,104.8
Mar_00,39,America,157.2
Mar_00,39,Farrode,524
Mar_00,39,Anacro,157.2
Mar_00,39,Heterag,104.8
Mar_00,39,Epigomp,157.2
Mar_00,39,Hexacyl,209.6
Mar_00,39,Neoelmi,52.4
Mar_00,39,Macrelm,366.8
Mar_00,39,Gyrete,52.4
Mar_00,39,Phylloi,157.2
Mar_00,39,Banyall,471.6
Mar_00,39,Macrone,628.8
Mar_00,39,Oecetis,52.4
Mar_00,39,Protopti,52.4
Mar_00,39,Tipulid,52.4
Mar_00,39,Hexatom,209.6
Mar_00,39,Ceratop,419.2
Mar_00,39,Xestoch,52.4
Mar_00,39,Tanytar,4663.6
Mar_00,39,Chirono,3668
Mar_00,39,Ortochl,681.2
Mar_00,39,Tanypod,5816.4
Mar_00,39,Chrisop,52.4
Mar_00,39,Acari,157.2
Mar_00,39,Platyhe,52.4
Mar_00,39,Oligoch,104.8
Mar_00,39,Copepod,52.4
Apr_00,40,America,157.2
Apr_00,40,Calliba,52.4
Apr_00,40,Caenis,52.4
Apr_00,40,Farrode,471.6
Apr_00,40,Libellu,52.4
Apr_00,40,Argia,52.4
Apr_00,40,Perisso,52.4
Apr_00,40,Paracym,52.4
Apr_00,40,Phylloi,838.4
Apr_00,40,Macrone,262
Apr_00,40,Tipulid,524
Apr_00,40,Ceratop,314.4
Apr_00,40,Xestoch,262
Apr_00,40,Tanytar,733.6
Apr_00,40,Chirono,4139.6
Apr_00,40,Ortochl,52.4
Apr_00,40,Tanypod,2986.8
Apr_00,40,Dixella,52.4
Apr_00,40,Platyhe,52.4
Apr_00,40,Oligoch,52.4
May_00,41,America,52.4
May_00,41,Calliba,262
May_00,41,Caenis,262
May_00,41,Farrode,262
May_00,41,Elga,52.4
May_00,41,Argia,52.4
May_00,41,Perisso,157.2
May_00,41,Epigomp,52.4
May_00,41,Hexacyl,104.8
May_00,41,Neargyr,524
May_00,41,Macrone,419.2
May_00,41,Oecetis,52.4
May_00,41,Triplec,52.4
May_00,41,Tipulid,157.2
May_00,41,Hexatom,52.4
May_00,41,Ceratop,1048
May_00,41,Xestoch,157.2
May_00,41,Tanytar,2043.6
May_00,41,Chirono,943.2
May_00,41,Ortochl,104.8
May_00,41,Tanypod,7493.2
May_00,41,Chrisop,52.4
May_00,41,Dixella,104.8
May_00,41,Acari,209.6
May_00,41,Oligoch,157.2
May_00,41,Polycha,52.4
May_00,41,Collemb,52.4
Jun_00,42,Calliba,104.8
Jun_00,42,Caenis,52.4
Jun_00,42,Farrode,52.4
Jun_00,42,Perisso,52.4
Jun_00,42,Nectops,104.8
Jun_00,42,Oecetis,52.4
Jun_00,42,Tipulid,52.4
Jun_00,42,Ceratop,786
Jun_00,42,Tanytar,1572
Jun_00,42,Ortochl,52.4
Jun_00,42,Tanypod,2096
Jun_00,42,Polycha,52.4
Jul_00,43,Caenis,104.8
Jul_00,43,Farrode,209.6
Jul_00,43,Leptohy,52.4
Jul_00,43,Perithe,52.4
Jul_00,43,Epigomp,209.6
Jul_00,43,Ambrysu,52.4
Jul_00,43,Lutroch,52.4
Jul_00,43,Phylloi,52.4
Jul_00,43,Macrone,157.2
Jul_00,43,Oecetis,104.8
Jul_00,43,Anophel,52.4
Jul_00,43,Tipulid,366.8
Jul_00,43,Hexatom,52.4
Jul_00,43,Ceratop,1676.8
Jul_00,43,Tanytar,104.8
Jul_00,43,Chirono,157.2
Jul_00,43,Tanypod,1624.4
Jul_00,43,Neoplas,52.4
Jul_00,43,Acari,209.6
Aug_00,44,Farrode,157.2
Aug_00,44,Epigomp,52.4
Aug_00,44,Phylloi,157.2
Aug_00,44,Macrone,52.4
Aug_00,44,Tipulid,733.6
Aug_00,44,Ceratop,157.2
Aug_00,44,Tanytar,366.8
Aug_00,44,Chirono,419.2
Aug_00,44,Tanypod,628.8
Aug_00,44,Oligoch,209.6
Set_00,45,America,104.8
Set_00,45,Farrode,314.4
Set_00,45,Epigomp,52.4
Set_00,45,Xenelmi,52.4
Set_00,45,Phylloi,52.4
Set_00,45,Autroti,104.8
Set_00,45,Tipulid,157.2
Set_00,45,Ceratop,209.6
Set_00,45,Xestoch,52.4
Set_00,45,Tanytar,890.8
Set_00,45,Chirono,733.6
Set_00,45,Tanypod,2462.8
Set_00,45,Acari,262
Set_00,45,Oligoch,52.4
Set_00,45,Polycha,262
Oct_00,46,Libellu,52.4
Oct_00,46,Perisso,52.4
Oct_00,46,Epigomp,209.6
Oct_00,46,Phylloi,157.2
Oct_00,46,Macrone,52.4
Oct_00,46,Tipulid,314.4
Oct_00,46,Hexatom,52.4
Oct_00,46,Ceratop,314.4
Oct_00,46,Xestoch,52.4
Oct_00,46,Tanytar,1467.2
Oct_00,46,Chirono,681.2
Oct_00,46,Tanypod,3091.6
Oct_00,46,Neoplas,104.8
Oct_00,46,Oligoch,52.4
Nov_00,47,Farrode,209.6
Nov_00,47,Epigomp,157.2
Nov_00,47,Hexacyl,52.4
Nov_00,47,Tipulid,314.4
Nov_00,47,Ceratop,209.6
Nov_00,47,Xestoch,52.4
Nov_00,47,Tanytar,419.2
Nov_00,47,Chirono,681.2
Nov_00,47,Tanypod,1834
Nov_00,47,Oligoch,52.4
Dec_00,48,Epigomp,157.2
Dec_00,48,Tipulid,890.8
Dec_00,48,Ceratop,628.8
Dec_00,48,Xestoch,104.8
Dec_00,48,Tanytar,262
Dec_00,48,Chirono,1362.4
Dec_00,48,Ortochl,157.2
Dec_00,48,Tanypod,995.6
Dec_00,48,Platyhe,52.4
Dec_00,48,Oligoch,52.4
Jan_01,49,Caenis,104.8
Jan_01,49,Farrode,104.8
Jan_01,49,Coleopt,52.4
Jan_01,49,Phylloi,104.8
Jan_01,49,Tipulid,157.2
Jan_01,49,Ceratop,1310
Jan_01,49,Xestoch,157.2
Jan_01,49,Tanytar,5135.2
Jan_01,49,Chirono,5240
Jan_01,49,Ortochl,52.4
Jan_01,49,Tanypod,6392.8
Jan_01,49,Acari,52.4
Jan_01,49,Oligoch,104.8
Jan_01,49,Polycha,104.8
Jan_01,49,Collemb,52.4
Feb_01,50,Caenis,52.4
Feb_01,50,Argia,52.4
Feb_01,50,Perisso,52.4
Feb_01,50,Epigomp,157.2
Feb_01,50,Coleopt,52.4
Feb_01,50,Tipulid,52.4
Feb_01,50,Ceratop,1310
Feb_01,50,Tanytar,3772.8
Feb_01,50,Chirono,4087.2
Feb_01,50,Tanypod,2777.2
Feb_01,50,Oligoch,52.4
Feb_01,50,Polycha,838.4
Mar_01,51,Argia,52.4
Mar_01,51,Hexacyl,157.2
Mar_01,51,Coleopt,209.6
Mar_01,51,Tipulid,52.4
Mar_01,51,Ceratop,1257.6
Mar_01,51,Tanytar,5240
Mar_01,51,Chirono,6812
Mar_01,51,Ortochl,52.4
Mar_01,51,Tanypod,5187.6
Mar_01,51,Acari,104.8
Mar_01,51,Oligoch,104.8
Mar_01,51,Polycha,681.2
Mar_01,51,Collemb,52.4
Apr_01,52,Calliba,52.4
Apr_01,52,Ambrysu,52.4
Apr_01,52,Xenelmi,104.8
Apr_01,52,Neargyr,104.8
Apr_01,52,Phylloi,52.4
Apr_01,52,Macrone,104.8
Apr_01,52,Nectops,52.4
Apr_01,52,Ceratop,628.8
Apr_01,52,Xestoch,52.4
Apr_01,52,Tanytar,2305.6
Apr_01,52,Chirono,2777.2
Apr_01,52,Tanypod,3510.8
Apr_01,52,Oligoch,104.8
Apr_01,52,Polycha,209.6
May_01,53,Calliba,52.4
May_01,53,Nehalen,104.8
May_01,53,Hexacyl,157.2
May_01,53,Xenelmi,52.4
May_01,53,Scirtid,52.4
May_01,53,Phylloi,104.8
May_01,53,Ceratop,2200.8
May_01,53,Tanytar,7860
May_01,53,Chirono,5082.8
May_01,53,Ortochl,52.4
May_01,53,Tanypod,3039.2
May_01,53,Acari,157.2
May_01,53,Oligoch,262
May_01,53,Polycha,262
May_01,53,Nematom,104.8
Jun_01,54,Caenis,104.8
Jun_01,54,Farrode,157.2
Jun_01,54,Heterag,262
Jun_01,54,Argia,104.8
Jun_01,54,Perisso,157.2
Jun_01,54,Epigomp,157.2
Jun_01,54,Palaemn,52.4
Jun_01,54,Ambrysu,52.4
Jun_01,54,Neoelmi,52.4
Jun_01,54,Macrelm,52.4
Jun_01,54,Ptiloda,52.4
Jun_01,54,Coleopt,52.4
Jun_01,54,Phylloi,52.4
Jun_01,54,Macrone,104.8
Jun_01,54,Nectops,209.6
Jun_01,54,Autroti,52.4
Jun_01,54,Limonia,104.8
Jun_01,54,Hexatom,104.8
Jun_01,54,Ceratop,2200.8
Jun_01,54,Xestoch,104.8
Jun_01,54,Tanytar,2829.6
Jun_01,54,Chirono,2200.8
Jun_01,54,Ortochl,471.6
Jun_01,54,Tanypod,9274.8
Jun_01,54,Acari,52.4
Jun_01,54,Oligoch,471.6
Jun_01,54,Polycha,1205.2
Jun_01,54,Nematom,1205.2
Jun_01,54,Collemb,52.4
Jul_01,55,Caenis,104.8
Jul_01,55,Heterag,52.4
Jul_01,55,Hexacyl,52.4
Jul_01,55,Ceratop,786
Jul_01,55,Tanytar,471.6
Jul_01,55,Chirono,366.8
Jul_01,55,Tanypod,1414.8
Jul_01,55,Oligoch,52.4
Jul_01,55,Polycha,104.8
Jul_01,55,Nematom,104.8
Aug_01,56,Caenis,104.8
Aug_01,56,Farrode,104.8
Aug_01,56,Heterag,52.4
Aug_01,56,Perisso,52.4
Aug_01,56,Epigomp,157.2
Aug_01,56,Phyllog,104.8
Aug_01,56,Lutroch,52.4
Aug_01,56,Neotric,52.4
Aug_01,56,Nectops,52.4
Aug_01,56,Polycen,52.4
Aug_01,56,Ceratop,1048
Aug_01,56,Tanytar,3930
Aug_01,56,Chirono,5030.4
Aug_01,56,Ortochl,366.8
Aug_01,56,Tanypod,4558.8
Aug_01,56,Oligoch,786
Aug_01,56,Polycha,1100.4
Aug_01,56,Nematom,157.2
Aug_01,56,Copepod,52.4
Set_01,57,Caenis,52.4
Set_01,57,Farrode,52.4
Set_01,57,Nehalen,52.4
Set_01,57,Perisso,52.4
Set_01,57,Epigomp,104.8
Set_01,57,Phyllog,52.4
Set_01,57,Ceratop,1467.2
Set_01,57,Forcipo,104.8
Set_01,57,Tanytar,1834
Set_01,57,Chirono,2777.2
Set_01,57,Tanypod,4087.2
Set_01,57,Oligoch,1519.6
Set_01,57,Polycha,366.8
Set_01,57,Nematom,52.4
Oct_01,58,Libellu,52.4
Oct_01,58,Perisso,52.4
Oct_01,58,Epigomp,209.6
Oct_01,58,Sialis,52.4
Oct_01,58,Tipulid,52.4
Oct_01,58,Ceratop,628.8
Oct_01,58,Xestoch,52.4
Oct_01,58,Tanytar,5449.6
Oct_01,58,Chirono,4244.4
Oct_01,58,Ortochl,104.8
Oct_01,58,Tanypod,4454
Oct_01,58,Oligoch,314.4
Oct_01,58,Polycha,1048
Oct_01,58,Nematom,104.8
Nov_01,59,Epigomp,52.4
Nov_01,59,Phyllog,52.4
Nov_01,59,Ceratop,1152.8
Nov_01,59,Tanytar,3196.4
Nov_01,59,Chirono,4716
Nov_01,59,Tanypod,1938.8
Nov_01,59,Oligoch,52.4
Nov_01,59,Polycha,1886.4
Dec_01,60,Epigomp,104.8
Dec_01,60,Phyllog,52.4
Dec_01,60,Hexacyl,52.4
Dec_01,60,Ceratop,1205.2
Dec_01,60,Xestoch,52.4
Dec_01,60,Tanytar,2724.8
Dec_01,60,Chirono,3144
Dec_01,60,Tanypod,2253.2
Dec_01,60,Clognia,52.4
Dec_01,60,Polycha,1362.4
Dec_01,60,Nematom,471.6
Dec_01,60,Collemb,52.4
Jan_02,61,Lestida,52.4
Jan_02,61,Perisso,52.4
Jan_02,61,Hexacyl,52.4
Jan_02,61,Ceratop,524
Jan_02,61,Xestoch,262
Jan_02,61,Tanytar,3772.8
Jan_02,61,Chirono,3144
Jan_02,61,Tanypod,2096
Jan_02,61,Oligoch,995.6
Jan_02,61,Polycha,52.4
Jan_02,61,Nematom,104.8
Jan_02,61,Collemb,52.4
Feb_02,62,Calliba,52.4
Feb_02,62,Epigomp,52.4
Feb_02,62,Gyrete,52.4
Feb_02,62,Banyall,52.4
Feb_02,62,Ceratop,628.8
Feb_02,62,Forcipo,262
Feb_02,62,Tanytar,4768.4
Feb_02,62,Chirono,6026
Feb_02,62,Tanypod,4716
Feb_02,62,Oligoch,419.2
Feb_02,62,Polycha,104.8
Feb_02,62,Copepod,104.8
Feb_02,62,Collemb,104.8
Mar_02,63,Calliba,157.2
Mar_02,63,Nehalen,104.8
Mar_02,63,Epigomp,104.8
Mar_02,63,Hexacyl,104.8
Mar_02,63,Phylloi,104.8
Mar_02,63,Nectops,52.4
Mar_02,63,Triplec,524
Mar_02,63,Ceratop,1729.2
Mar_02,63,Tanytar,9956
Mar_02,63,Chirono,5030.4
Mar_02,63,Ortochl,104.8
Mar_02,63,Tanypod,5344.8
Mar_02,63,Oligoch,262
Mar_02,63,Polycha,52.4
Apr_02,64,Epigomp,52.4
Apr_02,64,Macrone,52.4
Apr_02,64,Ceratop,1048
Apr_02,64,Tanytar,2043.6
Apr_02,64,Chirono,2358
Apr_02,64,Ortochl,628.8
Apr_02,64,Tanypod,1676.8
Apr_02,64,Oligoch,104.8
Apr_02,64,Nematom,104.8
May_02,65,Hexacyl,104.8
May_02,65,Ceratop,576.4
May_02,65,Tanytar,628.8
May_02,65,Chirono,419.2
May_02,65,Tanypod,838.4
May_02,65,Oligoch,52.4
May_02,65,Nematom,52.4
Jun_02,66,Calliba,52.4
Jun_02,66,Phyllog,52.4
Jun_02,66,Hexacyl,52.4
Jun_02,66,Xenelmi,52.4
Jun_02,66,Ceratop,681.2
Jun_02,66,Tanytar,419.2
Jun_02,66,Chirono,681.2
Jun_02,66,Tanypod,524
Jun_02,66,Oligoch,419.2
Jun_02,66,Hyrudi,314.4
Jun_02,66,Copepod,52.4
Jun_02,66,Collemb,52.4
Jul_02,67,Baetid,52.4
Jul_02,67,Farrode,366.8
Jul_02,67,Anacro,52.4
Jul_02,67,Neoelmi,209.6
Jul_02,67,Xenelmi,104.8
Jul_02,67,Banyall,52.4
Jul_02,67,Hexatom,52.4
Jul_02,67,Ceratop,314.4
Jul_02,67,Tanytar,471.6
Jul_02,67,Chirono,419.2
Jul_02,67,Ortochl,157.2
Jul_02,67,Tanypod,314.4
Jul_02,67,Platyhe,104.8
Jul_02,67,Oligoch,157.2
Jul_02,67,Polycha,52.4
Jul_02,67,Nematom,104.8
Aug_02,68,Caenis,52.4
Aug_02,68,Epigomp,52.4
Aug_02,68,Banyall,104.8
Aug_02,68,Ceratop,262
Aug_02,68,Xestoch,52.4
Aug_02,68,Tanytar,681.2
Aug_02,68,Chirono,995.6
Aug_02,68,Ortochl,104.8
Aug_02,68,Tanypod,1729.2
Aug_02,68,Polycha,52.4
Sep_02,69,Farrode,52.4
Sep_02,69,Epigomp,52.4
Sep_02,69,Ceratop,209.6
Sep_02,69,Forcipo,52.4
Sep_02,69,Tanytar,52.4
Sep_02,69,Chirono,1676.8
Sep_02,69,Tanypod,524
Sep_02,69,Oligoch,52.4
Sep_02,69,Polycha,52.4
Oct_02,70,Farrode,52.4
Oct_02,70,Epigomp,157.2
Oct_02,70,Phyllog,52.4
Oct_02,70,Xenelmi,52.4
Oct_02,70,Banyall,104.8
Oct_02,70,Oecetis,52.4
Oct_02,70,Ceratop,209.6
Oct_02,70,Tanytar,2043.6
Oct_02,70,Chirono,995.6
Oct_02,70,Tanypod,2253.2
Oct_02,70,Oligoch,104.8
Oct_02,70,Polycha,419.2
Oct_02,70,Nematom,157.2
Nov_02,71,Calliba,52.4
Nov_02,71,Epigomp,157.2
Nov_02,71,Xenelmi,52.4
Nov_02,71,Phylloi,52.4
Nov_02,71,Banyall,157.2
Nov_02,71,Ceratop,366.8
Nov_02,71,Forcipo,52.4
Nov_02,71,Tanytar,838.4
Nov_02,71,Chirono,1572
Nov_02,71,Tanypod,1048
Nov_02,71,Nematom,104.8
Dec_02,72,Farrode,157.2
Dec_02,72,Epigomp,104.8
Dec_02,72,Macrone,157.2
Dec_02,72,Tipulid,1257.6
Dec_02,72,Ceratop,890.8
Dec_02,72,Tanytar,1310
Dec_02,72,Chirono,419.2
Dec_02,72,Tanypod,1152.8
Dec_02,72,Oligoch,52.4
Dec_02,72,Polycha,52.4
Dec_02,72,Nematom,52.4
Jan_03,73,Calliba,104.8
Jan_03,73,Farrode,262
Jan_03,73,Epigomp,157.2
Jan_03,73,Hexacyl,52.4
Jan_03,73,Xenelmi,52.4
Jan_03,73,Banyall,104.8
Jan_03,73,Triplec,104.8
Jan_03,73,Tipulid,838.4
Jan_03,73,Ceratop,786
Jan_03,73,Forcipo,52.4
Jan_03,73,Xestoch,52.4
Jan_03,73,Tanytar,5292.4
Jan_03,73,Chirono,1572
Jan_03,73,Ortochl,52.4
Jan_03,73,Tanypod,2672.4
Jan_03,73,Acari,209.6
Jan_03,73,Platyhe,52.4
Jan_03,73,Oligoch,209.6
Jan_03,73,Copepod,52.4
Feb_03,74,Epigomp,157.2
Feb_03,74,Oecetis,52.4
Feb_03,74,Polycen,52.4
Feb_03,74,Tipulid,1257.6
Feb_03,74,Hexatom,52.4
Feb_03,74,Ceratop,1152.8
Feb_03,74,Tanytar,3668
Feb_03,74,Chirono,1834
Feb_03,74,Tanypod,2882
Feb_03,74,Acari,104.8
Feb_03,74,Polycha,52.4
Mar_03,75,Nehalen,262
Mar_03,75,Epigomp,157.2
Mar_03,75,Phylloi,52.4
Mar_03,75,Banyall,52.4
Mar_03,75,Tipulid,262
Mar_03,75,Ceratop,1048
Mar_03,75,Xestoch,52.4
Mar_03,75,Tanytar,5187.6
Mar_03,75,Chirono,3668
Mar_03,75,Ortochl,104.8
Mar_03,75,Tanypod,2200.8
Mar_03,75,Acari,104.8
Mar_03,75,Oligoch,52.4
Apr_03,76,Calliba,52.4
Apr_03,76,Farrode,52.4
Apr_03,76,Nectops,52.4
Apr_03,76,Triplec,52.4
Apr_03,76,Tipulid,209.6
Apr_03,76,Ceratop,1205.2
Apr_03,76,Xestoch,52.4
Apr_03,76,Tanytar,2462.8
Apr_03,76,Chirono,1676.8
Apr_03,76,Ortochl,52.4
Apr_03,76,Tanypod,2253.2
Apr_03,76,Acari,104.8
Apr_03,76,Nematom,52.4
May_03,77,Calliba,52.4
May_03,77,Perisso,52.4
May_03,77,Epigomp,52.4
May_03,77,Agriogo,52.4
May_03,77,Hydropt,52.4
May_03,77,Nectops,52.4
May_03,77,Oecetis,52.4
May_03,77,Tipulid,419.2
May_03,77,Ceratop,471.6
May_03,77,Tanytar,1572
May_03,77,Chirono,2986.8
May_03,77,Tanypod,1834
May_03,77,Acari,52.4
May_03,77,Nematom,52.4
Jun_03,78,Baetid,52.4
Jun_03,78,Nectops,104.8
Jun_03,78,Oecetis,104.8
Jun_03,78,Tipulid,52.4
Jun_03,78,Ceratop,1100.4
Jun_03,78,Xestoch,104.8
Jun_03,78,Tanytar,3930
Jun_03,78,Chirono,5606.8
Jun_03,78,Tanypod,3510.8
Jun_03,78,Oligoch,104.8
Jul_03,79,Farrode,52.4
Jul_03,79,Epigomp,52.4
Jul_03,79,Hexacyl,52.4
Jul_03,79,Nectops,52.4
Jul_03,79,Oecetis,104.8
Jul_03,79,Tipulid,419.2
Jul_03,79,Ceratop,471.6
Jul_03,79,Tanytar,1362.4
Jul_03,79,Chirono,1414.8
Jul_03,79,Tanypod,1519.6
Aug_03,80,Farrode,52.4
Aug_03,80,Perisso,52.4
Aug_03,80,Epigomp,314.4
Aug_03,80,Phyllog,209.6
Aug_03,80,Hexacyl,104.8
Aug_03,80,Phylloi,104.8
Aug_03,80,Nectops,52.4
Aug_03,80,Tipulid,471.6
Aug_03,80,Ceratop,471.6
Aug_03,80,Tanytar,1991.2
Aug_03,80,Chirono,1991.2
Aug_03,80,Tanypod,3144
Aug_03,80,Acari,104.8
Aug_03,80,Polycha,52.4
Set_03,81,Epigomp,104.8
Set_03,81,Phyllog,52.4
Set_03,81,Hexacyl,104.8
Set_03,81,Coleopt,52.4
Set_03,81,Phylloi,52.4
Set_03,81,Banyall,52.4
Set_03,81,Tipulid,52.4
Set_03,81,Ceratop,786
Set_03,81,Tanytar,4192
Set_03,81,Chirono,1991.2
Set_03,81,Tanypod,2096
Oct_03,82,Farrode,104.8
Oct_03,82,Epigomp,157.2
Oct_03,82,Nectops,52.4
Oct_03,82,Oecetis,52.4
Oct_03,82,Triplec,52.4
Oct_03,82,Tipulid,314.4
Oct_03,82,Ceratop,890.8
Oct_03,82,Xestoch,52.4
Oct_03,82,Tanytar,1938.8
Oct_03,82,Chirono,1048
Oct_03,82,Ortochl,104.8
Oct_03,82,Tanypod,1781.6
Nov_03,83,Farrode,104.8
Nov_03,83,Epigomp,157.2
Nov_03,83,Gyrete,52.4
Nov_03,83,Triplec,104.8
Nov_03,83,Tipulid,209.6
Nov_03,83,Hexatom,52.4
Nov_03,83,Ceratop,471.6
Nov_03,83,Xestoch,104.8
Nov_03,83,Tanytar,3458.4
Nov_03,83,Chirono,1100.4
Nov_03,83,Tanypod,1676.8
Dec_03,84,Epigomp,52.4
Dec_03,84,Hexacyl,104.8
Dec_03,84,Macrone,52.4
Dec_03,84,Tipulid,524
Dec_03,84,Ceratop,1205.2
Dec_03,84,Xestoch,104.8
Dec_03,84,Tanytar,7598
Dec_03,84,Chirono,3144
Dec_03,84,Ortochl,52.4
Dec_03,84,Tanypod,3825.2
Dec_03,84,Polycha,52.4
Jan_04,85,Heterag,52.4
Jan_04,85,Coenag,52.4
Jan_04,85,Epigomp,157.2
Jan_04,85,Polycen,104.8
Jan_04,85,Tipulid,838.4
Jan_04,85,Ceratop,995.6
Jan_04,85,Tanytar,3772.8
Jan_04,85,Chirono,2934.4
Jan_04,85,Tanypod,3458.4
Jan_04,85,Acari,157.2
Feb_04,86,Epigomp,262
Feb_04,86,Hexacyl,52.4
Feb_04,86,Tipulid,52.4
Feb_04,86,Simuli,52.4
Feb_04,86,Ceratop,681.2
Feb_04,86,Tanytar,9694
Feb_04,86,Chirono,10532.4
Feb_04,86,Ortochl,157.2
Feb_04,86,Tanypod,2829.6
Feb_04,86,Acari,104.8
Feb_04,86,Oligoch,52.4
Mar_04,87,Epigomp,104.8
Mar_04,87,Hexacyl,52.4
Mar_04,87,Ptiloda,52.4
Mar_04,87,Tipulid,262
Mar_04,87,Hexatom,52.4
Mar_04,87,Ceratop,838.4
Mar_04,87,Xestoch,157.2
Mar_04,87,Tanytar,3144
Mar_04,87,Chirono,1729.2
Mar_04,87,Tanypod,2305.6
Mar_04,87,Platyhe,52.4
Mar_04,87,Polycha,52.4
Set_04,88,Ceratop,366.8
Set_04,88,Tanytar,1310
Set_04,88,Chirono,1205.2
Set_04,88,Tanypod,1152.8
Feb_05,89,Tipulid,52.4
Feb_05,89,Ceratop,314.4
Feb_05,89,Xestoch,157.2
Feb_05,89,Tanytar,3720.4
Feb_05,89,Chirono,4768.4
Feb_05,89,Tanypod,3144
Feb_05,89,Sphaeri,52.4
Feb_05,89,Oligoch,52.4
Feb_05,89,Polycha,52.4
May_05,90,Epigomp,52.4
May_05,90,Ceratop,943.2
May_05,90,Tanytar,2829.6
May_05,90,Chirono,4087.2
May_05,90,Tanypod,1362.4
Set_05,91,Libellu,52.4
Set_05,91,Pseudol,104.8
Set_05,91,Epigomp,52.4
Set_05,91,Ceratop,838.4
Set_05,91,Tanytar,2724.8
Set_05,91,Chirono,1886.4
Set_05,91,Tanypod,3930
Set_05,91,Chrisop,104.8
Feb_06,92,Ceratop,471.6
Feb_06,92,Tanytar,1100.4
Feb_06,92,Chirono,419.2
Feb_06,92,Tanypod,471.6
May_06,93,Ceratop,681.2
May_06,93,Tanytar,314.4
May_06,93,Chirono,419.2
May_06,93,Tanypod,314.4
May_06,93,Chrisop,52.4
May_06,93,Clognia,52.4
May_06,93,Oligoch,52.4
Set_06,94,Phyllog,52.4
Set_06,94,Hexatom,52.4
Set_06,94,Ceratop,419.2
Set_06,94,Xestoch,52.4
Set_06,94,Tanytar,628.8
Set_06,94,Chirono,733.6
Set_06,94,Tanypod,471.6
Set_06,94,Nematom,52.4
Feb_07,95,Farrode,52.4
Feb_07,95,Epigomp,209.6
Feb_07,95,Lutroch,52.4
Feb_07,95,Tipulid,104.8
Feb_07,95,Hexatom,52.4
Feb_07,95,Ceratop,628.8
Feb_07,95,Tanytar,6235.6
Feb_07,95,Chirono,3982.4
Feb_07,95,Tanypod,4139.6
Feb_07,95,Chrisop,209.6
Feb_07,95,Oligoch,628.8
Feb_07,95,Polycha,104.8
May_07,96,Coenag,104.8
May_07,96,Epigomp,104.8
May_07,96,Ceratop,681.2
May_07,96,Xestoch,52.4
May_07,96,Tanytar,5816.4
May_07,96,Chirono,6183.2
May_07,96,Tanypod,3248.8
May_07,96,Chrisop,52.4
Set_07,97,Oecetis,52.4
Set_07,97,Hexatom,52.4
Set_07,97,Ceratop,471.6
Set_07,97,Tanytar,1624.4
Set_07,97,Chirono,2515.2
Set_07,97,Tanypod,1938.8
Set_07,97,Chrisop,104.8
Feb_08,98,Calliba,52.4
Feb_08,98,Farrode,104.8
Feb_08,98,Pseudol,52.4
Feb_08,98,Perisso,52.4
Feb_08,98,Epigomp,52.4
Feb_08,98,Xenelmi,52.4
Feb_08,98,Ceratop,366.8
Feb_08,98,Xestoch,157.2
Feb_08,98,Tanytar,366.8
Feb_08,98,Chirono,366.8
Feb_08,98,Ortochl,366.8
Feb_08,98,Tanypod,2829.6
Feb_08,98,Chrisop,52.4
Feb_08,98,Oligoch,52.4
May_08,99,Baetid,52.4
May_08,99,Farrode,104.8
May_08,99,Epigomp,104.8
May_08,99,Hexacyl,104.8
May_08,99,Xenelmi,52.4
May_08,99,Gyrete,52.4
May_08,99,Triplec,52.4
May_08,99,Ceratop,1152.8
May_08,99,Tanytar,10689.6
May_08,99,Chirono,7231.2
May_08,99,Ortochl,52.4
May_08,99,Tanypod,7755.2
May_08,99,Oligoch,104.8
May_08,99,Polycha,52.4
Set_08,100,Calliba,52.4
Set_08,100,Farrode,104.8
Set_08,100,Epigomp,314.4
Set_08,100,Hexacyl,104.8
Set_08,100,Macrelm,52.4
Set_08,100,Polycen,157.2
Set_08,100,Tipulid,314.4
Set_08,100,Hexatom,314.4
Set_08,100,Ceratop,2043.6
Set_08,100,Xestoch,52.4
Set_08,100,Tanytar,4558.8
Set_08,100,Chirono,1938.8
Set_08,100,Ortochl,314.4
Set_08,100,Tanypod,1519.6
Set_08,100,Oligoch,576.4
Set_08,100,Polycha,52.4
Feb_09,101,Farrode,52.4
Feb_09,101,Epigomp,314.4
Feb_09,101,Macrone,52.4
Feb_09,101,Tipulid,52.4
Feb_09,101,Ceratop,995.6
Feb_09,101,Xestoch,52.4
Feb_09,101,Tanytar,7702.8
Feb_09,101,Chirono,1834
Feb_09,101,Tanypod,2253.2
Feb_09,101,Oligoch,104.8
May_09,102,Xenelmi,104.8
May_09,102,Ceratop,1519.6
May_09,102,Tanytar,995.6
May_09,102,Chirono,2253.2
May_09,102,Tanypod,1991.2
May_09,102,Neoplas,52.4
May_09,102,Hemerodr,157.2
May_09,102,Chrisop,52.4
Set_09,103,Ceratop,838.4
Set_09,103,Tanytar,366.8
Set_09,103,Chirono,1624.4
Set_09,103,Tanypod,1834
Set_09,103,Chrisop,52.4
Set_09,103,Acari,52.4
Feb_10,104,Ceratop,262
Feb_10,104,Tanytar,314.4
Feb_10,104,Chirono,366.8
Feb_10,104,Tanypod,366.8
Feb_10,104,Collemb,104.8
May_10,105,Xenelmi,52.4
May_10,105,Ceratop,471.6
May_10,105,Tanytar,733.6
May_10,105,Chirono,943.2
May_10,105,Tanypod,2358
May_10,105,Nematom,104.8
May_10,105,Copepod,52.4
Set_10,106,Ceratop,104.8
Set_10,106,Tanypod,104.8
Feb_11,107,Chirono,104.8
Feb_11,107,Tanypod,157.2
May_11,108,Farrode,52.4
May_11,108,Hexacyl,52.4
May_11,108,Xenelmi,52.4
May_11,108,Tipulid,52.4
May_11,108,Ceratop,314.4
May_11,108,Tanytar,104.8
May_11,108,Chirono,419.2
May_11,108,Tanypod,314.4
May_11,108,Oligoch,104.8
Set_11,109,Hexacyl,52.4
Set_11,109,Ceratop,366.8
Set_11,109,Tanytar,419.2
Set_11,109,Chirono,628.8
Set_11,109,Tanypod,471.6
Set_11,109,Hemerodr,52.4
Set_11,109,Nematom,52.4
Feb.12,110,Hexacyl,52.4
Feb.12,110,Ceratop,1100.4
Feb.12,110,Tanytar,2882
Feb.12,110,Chirono,890.8
Feb.12,110,Tanypod,1467.2
Feb.12,110,Chrisop,52.4
Feb.12,110,Oligoch,209.6
May.12,111,Lutroch,52.4
May.12,111,Ceratop,157.2
May.12,111,Chirono,52.4
May.12,111,Tanypod,157.2
May.12,111,Chrisop,52.4
Set.12,112,Ceratop,52.4
Set.12,112,Tanytar,104.8
Set.12,112,Chirono,681.2
Set.12,112,Tanypod,366.8
Feb.13,113,Hexacyl,104.8
Feb.13,113,Triplec,104.8
Feb.13,113,Tipulid,52.4
Feb.13,113,Ceratop,890.8
Feb.13,113,Tanytar,366.8
Feb.13,113,Chirono,157.2
Feb.13,113,Tanypod,1781.6
May.13,114,Ceratop,628.8
May.13,114,Tanytar,104.8
May.13,114,Chirono,995.6
May.13,114,Tanypod,1519.6
May.13,114,Acari,52.4
Set.13,115,Tipulid,52.4
Set.13,115,Ceratop,419.2
Set.13,115,Chirono,104.8
Set.13,115,Tanypod,576.4
Set.13,115,Hemerodr,52.4
Feb.14,116,Hexacyl,471.6
Feb.14,116,Ceratop,1100.4
Feb.14,116,Xestoch,52.4
Feb.14,116,Tanytar,4401.6
Feb.14,116,Chirono,576.4
Feb.14,116,Tanypod,3406
Feb.14,116,Oligoch,52.4
May.14,117,Xestoch,52.4
May.14,117,Chirono,5659.2
Feb.15,118,Ceratop,52.4
Feb.15,118,Tanytar,366.8
Feb.15,118,Chirono,943.2
Feb.15,118,Tanypod,576.4
May.15,119,Lutroch,52.4
May.15,119,Chorothrelidae,52.4
May.15,119,Ceratop,314.4
May.15,119,Xestoch,52.4
May.15,119,Tanytar,524
May.15,119,Chirono,1205.2
May.15,119,Tanypod,628.8
May.15,119,Hyrudi,52.4
Set.15,120,Farrode,52.4
Set.15,120,Hexacyl,52.4
Set.15,120,Lutroch,52.4
Set.15,120,Ceratop,104.8
Set.15,120,Tanytar,52.4
Set.15,120,Chirono,209.6
Set.15,120,Tanypod,314.4
Feb.16,121,Hexacyl,104.8
Feb.16,121,Tipulid,209.6
Feb.16,121,Ceratop,471.6
Feb.16,121,Tanytar,314.4
Feb.16,121,Chirono,524
Feb.16,121,Tanypod,733.6
May.16,122,Farrode,52.4
May.16,122,Ceratop,209.6
May.16,122,Tanytar,52.4
May.16,122,Chirono,52.4
May.16,122,Tanypod,366.8
May.16,122,Copepod,52.4
Set.16,123,Epigomp,52.4
Set.16,123,Hexacyl,52.4
Set.16,123,Neoelmi,52.4
Set.16,123,Lutroch,104.8
Set.16,123,Hexatom,104.8
Set.16,123,Ceratop,209.6
Set.16,123,Tanytar,419.2
Set.16,123,Chirono,209.6
Set.16,123,Tanypod,995.6
